sel,mean(delay) [ns]
0,1.3161012385568123
1,1.510880316518299
2,1.3508733141720097
3,1.8551692728100804
