sel,mean(delay) [ns]
0,1.128138847858198
1,1.2809224318658279
2,1.070708840795584
3,1.593012645026724
