sel,mean(delay) [ns]
0,1.8875502008032128
1,2.1563437444856186
2,2.396078431372549
3,2.201405152224824
4,1.742975324490087
5,2.108714408973253
6,2.3737373737373737
7,2.159010600706714
8,1.725014116318464
9,1.8241528586356173
10,2.1356169171618316
11,2.3126419379258136
12,2.1289198606271778
13,2.348645012492793
14,2.672790901137358
15,2.8531403222040623
