sel,mean(delay) [ns]
0,2.2029926086172704
1,1.7894274417923561
2,2.3783573374854026
3,2.5737152485256947
4,2.194289818638894
5,1.7330875053183945
6,2.3374139250191277
7,2.248390064397424
8,1.6634903348761232
9,1.7487120778477387
10,2.0949768558203328
11,1.905207358902401
12,2.1990282526543097
13,2.262125138837468
14,2.6027689030883923
15,2.411207576953433
