sel,mean(delay) [ns]
0,1.3458149779735684
1,1.281325364370347
2,1.357023875624653
3,1.8834771886559802
