sel,mean(delay) [ns]
0,2.3783573374854026
1,2.627956989247312
2,3.045862412761715
3,2.6172627971728426
4,2.4548011249497788
5,2.686895338610378
6,3.1041932945803343
7,2.6922229565983695
8,2.8027522935779814
9,3.118142383261036
10,3.148673022416903
11,2.9116035263283297
12,2.277726001863933
13,2.604433077578858
14,2.613344739093242
15,2.3946698020772095
