sel,mean(delay) [ns]
0,2.201801801801802
1,2.1427318954935997
2,2.9624242424242424
3,2.515956351657402
4,2.069432684165961
5,1.9671603348358015
6,2.7886809675947055
7,2.497445330063356
8,2.873941674506115
9,2.6217549881999567
10,2.7950594693504116
11,2.7804323094425483
12,2.3909215417726473
13,2.1359902115014857
14,2.3095823095823094
15,2.2991533396048918
