sel,mean(delay) [ns]
0,2.195078139033591
1,2.531068765534383
2,2.6594124047878127
3,2.40693322828442
4,2.216177003989844
5,2.563457100902035
6,2.6904447380008807
7,2.4299065420560746
8,2.704138083646824
9,2.9220468675274986
10,2.5185490519373452
11,2.4538152610441766
12,2.69757174392936
13,2.825433526011561
14,2.7760109041344845
15,2.447426396955738
