sel,mean(delay) [ns]
0,1.140563748366623
1,1.5421504290762242
2,1.3698015917498039
3,1.8858024691358024
