sel,mean(delay) [ns]
0,2.4178868223189554
1,2.6290877796901895
2,3.1699092088197145
3,2.722209846290933
4,2.37696946119432
5,2.7246376811594204
6,3.216635956830745
7,2.7956989247311825
8,2.8405392840539285
9,3.1641636457793885
10,3.2422393207747415
11,3.0143068574247653
12,2.338755980861244
13,2.6733756289652155
14,2.726461401160196
15,2.505638712323149
