sel,mean(delay) [ns]
0,1.8055555555555556
1,2.1593921187488956
2,2.1230020847810978
3,1.906991260923845
4,2.0319255071499835
5,2.3450393398579927
6,2.515438452037876
7,2.1419807186678352
8,1.626730564430245
9,1.7844626168224298
10,1.8320839580209893
11,1.6321624148524108
12,2.148382559774965
13,2.347742555235351
14,2.3839250877877487
15,2.144988590486221
