sel,mean(delay) [ns]
0,2.69757174392936
1,2.320106322384659
2,2.4318407960199004
3,2.364093635132521
4,2.7362292879534262
5,2.5780590717299576
6,2.473183566079741
7,2.253780892659535
8,2.7584650112866815
9,2.957405614714424
10,2.6969763849039947
11,2.5076954648060745
12,2.1907493725349587
13,2.57317329964203
14,2.3209876543209877
15,2.1605374823196604
