sel,mean(delay) [ns]
0,2.8313253012048194
1,2.6189455636519505
2,2.4135887813549277
3,2.480211081794195
4,2.6751313485113837
5,2.4822262847856997
6,2.2858211747100636
7,2.3513565518568407
8,2.688077430708315
9,2.8124280782508633
10,2.4832351148140623
11,2.6582553839460514
12,2.6804123711340204
13,2.798900595510765
14,2.4686868686868686
15,2.6455942844771596
