sel,mean(delay) [ns]
0,1.6808803301237965
1,1.5582759500127519
2,2.032601463739188
3,1.9066937119675456
4,2.0807083262387196
5,1.931405089299826
6,2.40978110826267
7,2.2948356807511736
8,1.5622602914855535
9,1.699110122358176
10,2.1337524009079796
11,2.1986326016552717
12,2.0821264269892654
13,2.21506940679199
14,2.653637350705755
15,2.7197863342977966
