sel,mean(delay) [ns]
0,1.9700145091084957
1,2.3117669315172154
2,2.2356384924990853
3,2.0261979771182226
4,2.2550286030632956
5,2.6565217391304348
6,2.7228163992869874
7,2.3214285714285716
8,2.579147319544112
9,2.733780760626398
10,2.7522522522522523
11,2.544243181344993
12,2.2041847041847045
13,2.359073359073359
14,2.3586180274078363
15,2.1751512993948023
