sel,mean(delay) [ns]
0,1.855732725892179
1,1.7100475790652114
2,2.161301733286169
3,1.667576419213974
