sel,mean(delay) [ns]
0,1.8992850481815358
1,2.0996563573883162
2,2.0831912717354246
3,1.9207796290474692
4,2.4661957618567105
5,2.2922528606265242
6,2.337861105796824
7,2.2692664809656455
8,1.803690036900369
9,2.2113644589214623
10,1.7873336258592951
11,1.9040199439077594
12,2.2049801515698304
13,2.4761904761904763
14,2.0680318158740905
15,2.2450854308285875
