sel,mean(delay) [ns]
0,1.3762811127379209
1,1.600733560387739
2,1.4128801017458668
3,1.937836980653346
