sel,mean(delay) [ns]
0,1.7613144998558663
1,1.8895933199319623
2,2.3979591836734695
3,2.3065307663269157
4,1.732596058414859
5,1.8667888787045526
6,2.3714341160489036
7,2.2815533980582527
8,1.7286744942707597
9,2.0506796442356103
10,2.1270670147954744
11,1.9040199439077594
12,2.2596153846153846
13,2.5747998314369998
14,2.6798245614035086
15,2.4270109235352533
