sel,mean(delay) [ns]
0,1.6522444564629528
1,1.7201576576576576
2,2.245910678184157
3,1.725014116318464
