sel,mean(delay) [ns]
0,1.9201759899434316
1,2.176313446126447
2,2.637030643072939
3,2.197841726618705
4,1.864510222764724
5,2.127807765975971
6,2.592278319898176
7,2.1552028218694885
8,1.7615684013262216
9,2.0558546433378195
10,2.1464956964693482
11,1.9250157529930687
12,2.2726427375860143
13,2.5835095137420714
14,2.6798245614035086
15,2.439608704332202
