sel,mean(delay) [ns]
0,1.3342067911344033
1,1.2826703054476751
2,1.3396185047138787
3,1.8467583497053044
