sel,mean(delay) [ns]
0,1.8381468110709989
1,1.9244094488188976
2,2.4250843421313752
3,1.9292706030944111
