sel,mean(delay) [ns]
0,1.9004665629860031
1,2.106896551724138
2,2.411207576953433
3,2.1431076815152577
4,2.0596662733861453
5,2.241790497156485
6,2.591728525980912
7,2.317466337948037
8,2.003607148712904
9,2.2360475754803293
10,2.117483971582048
11,1.8636571602867162
12,2.2642208634426533
13,2.47218288488772
14,2.382066276803119
15,2.127807765975971
