sel,mean(delay) [ns]
0,1.1254374654632529
1,1.5427345032192905
2,1.1801062288749395
3,1.6783408872407637
