sel,mean(delay) [ns]
0,1.7165332209579998
1,1.9213836477987423
2,2.114552690776951
3,1.8696450428396572
4,2.115284749870175
5,2.304356024891571
6,2.4938775510204083
7,2.2496318114874816
8,1.7615684013262216
9,1.725988700564972
10,1.8445283018867924
11,1.5105067985166873
12,2.275181530441259
13,2.491335372069317
14,2.129661903102126
15,2.029563195482478
