sel,mean(delay) [ns]
0,2.189179505553565
1,2.435718556906518
2,2.642733564013841
3,2.4513540621865597
4,2.2397360703812317
5,2.4959150326797386
6,2.689260563380282
7,2.5206270627062706
8,2.5928283471249736
9,2.405511811023622
10,2.4093059936908516
11,2.883435582822086
12,2.335626911314985
13,2.144988590486221
14,2.1559633027522938
15,2.63418840267299
