sel,mean(delay) [ns]
0,1.6616807179766113
1,1.707896575821104
2,2.23400365630713
3,1.7255012708274498
