sel,mean(delay) [ns]
0,1.6420317119054018
1,1.6493453907409907
2,2.189179505553565
3,1.6668940117310052
