sel,mean(delay) [ns]
0,1.1463414634146343
1,1.5523373983739839
2,1.374732815839802
3,1.882316697473814
