sel,mean(delay) [ns]
0,1.644462387296461
1,1.4988347847418129
2,2.2242446305060066
3,1.72258246405413
