sel,mean(delay) [ns]
0,1.8079597573605564
1,1.8866759302146054
2,2.396548342812316
3,1.8739457138475692
