sel,mean(delay) [ns]
0,1.3988095238095237
1,1.346853301002976
2,1.4196096654275092
3,1.9241064399307195
