sel,mean(delay) [ns]
0,1.7182227221597302
1,1.2682926829268293
2,1.3229403485980296
3,1.8367653690064634
