sel,mean(delay) [ns]
0,1.6925207756232687
1,1.966843714791566
2,2.163980874800779
3,1.9738329833629462
4,1.8381468110709989
5,2.0942587832047987
6,2.293113154437981
7,2.1281783350748866
8,1.4792398014768189
9,2.0373457819273093
10,2.129290817215543
11,1.9019455252918287
12,1.996079712512251
13,2.5710077845571218
14,2.6490353349230435
15,2.4131121642969986
