sel,mean(delay) [ns]
0,1.3773669972948601
1,1.3477445682144038
2,1.069397042093288
3,1.5969681129116569
