sel,mean(delay) [ns]
0,1.3037447988904298
1,1.2616147016312205
2,1.2334712829312608
3,1.7517201834862386
