sel,mean(delay) [ns]
0,1.8420259270425081
1,2.1739903931684754
2,2.2141692335568037
3,1.9289660615627466
4,1.7761627906976742
5,2.1244784422809455
6,2.156724320508295
7,1.8782662158007992
8,1.8162901307966706
9,2.115284749870175
10,1.877400522353664
11,1.6607773851590104
12,2.3360734085260946
13,2.635893011216566
14,2.3682170542635657
15,2.1662825740117
