sel,mean(delay) [ns]
0,2.2454979786843072
1,2.4676898222940227
2,2.635893011216566
3,2.463213061882685
4,2.2730654761904763
5,2.49184339314845
6,2.664050577719643
7,2.5010233319688906
8,2.375583203732504
9,2.615582191780822
10,2.936794039894256
11,2.738682205289108
12,1.8890091204204666
13,2.1141868512110724
14,2.4543080939947783
15,2.2319634703196347
