sel,mean(delay) [ns]
0,1.9072889027626032
1,1.9075866375273183
2,2.021171022163414
3,1.5254025714642365
