sel,mean(delay) [ns]
0,1.6019926586261144
1,1.715328467153285
2,1.726232518717333
3,1.785244704163623
