sel,mean(delay) [ns]
0,2.251704440759167
1,2.288818130736093
2,2.7466846482355582
3,2.4776966747769666
4,2.095695421025553
5,2.3161485974222895
6,2.587338556002541
7,2.3047906450396076
8,2.6863046823477688
9,2.897107633949739
10,2.757220216606498
11,2.9559748427672954
12,2.4131121642969986
13,2.40693322828442
14,2.2319634703196347
15,2.4488977955911824
