sel,mean(delay) [ns]
0,1.9602181584857234
1,2.189179505553565
2,2.0530913978494625
3,1.905207358902401
4,2.1724444444444444
5,2.390453834115806
6,2.323635672181023
7,2.1423562412342214
8,1.8090303478904515
9,2.109442430519593
10,1.8498334847108688
11,1.508641975308642
12,2.340099578705477
13,2.615582191780822
14,2.3909215417726473
15,2.155582995237255
