sel,mean(delay) [ns]
0,1.72258246405413
1,1.7821204608429342
2,1.5021511985248925
3,1.990228013029316
