sel,mean(delay) [ns]
0,1.3197969543147208
1,1.2579814637643403
2,1.3339155114070516
3,1.8459214501510575
