sel,mean(delay) [ns]
0,2.348193697156034
1,2.1919282511210763
2,2.1252173913043477
3,1.925925925925926
4,2.5289735099337745
5,2.3825307077403
6,2.2849663425579654
7,2.127807765975971
8,1.632380443494523
9,2.066982408660352
10,1.8588378460602373
11,1.525783493569734
12,2.27475800446761
13,2.3923257635082225
14,2.074702886247878
15,2.5769717418810627
