sel,mean(delay) [ns]
0,1.1343172746681518
1,1.5723108594956252
2,1.070239971974076
3,1.6030434212252396
