sel,mean(delay) [ns]
0,2.0831912717354246
1,1.5907315803176256
2,1.9323213156230234
3,1.7148470390120685
4,1.7021869341133864
5,2.04861693210394
6,2.076465590484282
7,1.8546061617847929
8,1.725988700564972
9,1.9655782531767736
10,1.8725099601593627
11,1.6157609414253604
12,2.2319634703196347
13,2.494386609512145
14,2.3311713086608163
15,2.117850953206239
