sel,mean(delay) [ns]
0,1.7917888563049853
1,2.187611886860007
2,2.443511297740452
3,2.2133671436333997
4,1.9655782531767736
5,2.3714341160489036
6,2.6542137271937443
7,2.4078817733990148
8,1.7565042403334772
9,2.0697831978319785
10,2.1182180620558153
11,1.9241064399307195
12,2.2794254803208354
13,2.6060993815312434
14,2.666957660410301
15,2.447426396955738
