sel,mean(delay) [ns]
0,1.3016616957818492
1,1.2551355792933445
2,1.0618700034758428
3,1.5682751540041067
