sel,mean(delay) [ns]
0,1.0940997403527621
1,1.225554106910039
2,1.7826404084609773
3,1.3906907932172528
