sel,mean(delay) [ns]
0,1.3331878682085971
1,1.1852570320077596
2,1.7539830630113393
3,1.278108984415856
