sel,mean(delay) [ns]
0,1.1176147795866105
1,1.2206572769953052
2,1.4097831102907246
3,1.6449051016287521
