sel,mean(delay) [ns]
0,1.3647531829350013
1,1.2096614531775887
2,1.7826404084609773
3,1.9876382563435264
