sel,mean(delay) [ns]
0,1.8596865012935626
1,1.974151857835218
2,2.5258371227780074
3,2.402201690583841
4,1.869931140015302
5,1.984732824427481
6,2.5363221253632213
7,2.412635735439289
8,1.5923898879332812
9,1.7069423103785444
10,2.2583625947144705
11,2.135243753276254
12,2.2853936786983358
13,2.3998428908091123
14,2.9509780246317314
15,2.8280490627169637
