sel,mean(delay) [ns]
0,1.355217921703449
1,1.1866381821712955
2,1.7896895137668425
3,1.9763868672165616
