sel,mean(delay) [ns]
0,1.615974609891563
1,1.748962358666094
2,2.303487276154571
3,1.91296180338134
4,1.771784833985791
5,1.905207358902401
6,2.459742351046699
7,2.068732012866091
8,2.1998199819982
9,2.3329515082092405
10,2.8868414835813843
11,2.4964249233912157
12,2.3549816920408557
13,2.488798370672098
14,3.0428286852589643
15,2.6519097222222223
