sel,mean(delay) [ns]
0,1.423910510370543
1,1.326242674191448
2,1.8060892698788058
3,1.7289190718732315
