sel,mean(delay) [ns]
0,1.3853304613989343
1,1.2553934662009452
2,1.9486525275075746
3,1.6204747380983955
