sel,mean(delay) [ns]
0,1.696279844530816
1,1.819806403574088
2,2.400785854616896
3,1.9869918699186992
4,2.091749400890106
5,2.2153734590282816
6,2.796978713664454
7,2.3829953198127924
8,1.439509954058193
9,1.5634595701125895
10,2.144988590486221
11,1.7306330548081008
12,2.151408450704225
13,2.275181530441259
14,2.855807431642907
15,2.4420463629096725
