sel,mean(delay) [ns]
0,1.1025895515654607
1,1.2244488977955912
2,1.7891654465592972
3,1.6330348790592009
