sel,mean(delay) [ns]
0,1.6576234400434076
1,1.7753886386749964
2,2.0913914085230187
3,2.096774193548387
4,2.0198347107438015
5,2.137858642407278
6,2.4538152610441766
7,2.4592473334674985
8,2.071537548737074
9,2.189179505553565
10,2.5051250512505123
11,2.510271158586689
12,2.062099223759703
13,2.1798073492686405
14,2.495405350214417
15,2.500511561285042
