sel,mean(delay) [ns]
0,1.4153347231873985
1,1.280251440544788
2,1.850113550340651
3,2.0141750453271796
