sel,mean(delay) [ns]
0,1.708612975391499
1,1.825515386913654
2,2.3970184386033737
3,2.2397360703812317
4,2.057931963624116
5,2.174764192916889
6,2.7460674157303373
7,2.588434653675069
8,2.1058073410305016
9,2.223030744042205
10,2.7944203064257946
11,2.6364617044228695
12,2.1036322947150974
13,2.220606941668181
14,2.7918665752798724
15,2.63418840267299
