sel,mean(delay) [ns]
0,1.3770565697543384
1,1.2508956904493806
2,1.785244704163623
3,1.6707683893902106
