sel,mean(delay) [ns]
0,1.2493610060321032
1,1.3647531829350013
2,1.9396825396825395
3,1.5485996705107083
