sel,mean(delay) [ns]
0,1.1136425772350314
1,1.227893890675241
2,1.793103448275862
3,1.6560509554140126
