sel,mean(delay) [ns]
0,1.6934589800443458
1,1.8146718146718146
2,2.3783573374854026
3,2.227082194277383
4,1.8727969348659004
5,1.9937999673682494
6,2.5575554625366266
7,2.405985430202796
8,1.7620764239365538
9,1.8828967642526964
10,2.447426396955738
11,2.29526671675432
12,2.464206493244606
13,2.585149143219801
14,3.149484536082474
15,2.998037291462218
