sel,mean(delay) [ns]
0,1.3281165090751004
1,1.2863157894736843
2,1.7615684013262216
3,1.966843714791566
