sel,mean(delay) [ns]
0,1.6256485299986698
1,1.9123630672926448
2,2.304138796759511
3,2.1643641516117604
4,1.80662329982259
5,2.093541202672606
6,2.4852552369330896
7,2.345489443378119
8,2.197051420352391
9,2.484244765196178
10,2.8752941176470586
11,2.735004476275739
12,1.6915836101882613
13,1.9786269430051815
14,2.370514064015519
15,2.22992700729927
