sel,mean(delay) [ns]
0,1.8453639383871943
1,2.145741878841089
2,2.5458333333333334
3,2.369135323768903
4,2.197051420352391
5,2.496935022476502
6,2.8964209528324245
7,2.7203918076580584
8,2.233187134502924
9,2.533167495854063
10,2.9325653947684183
11,2.756598240469208
12,2.2287069122743026
13,2.5284502379474443
14,2.9283489096573208
15,2.7516325151992795
