sel,mean(delay) [ns]
0,1.1754520969603695
1,1.2955894826123835
2,1.8616697135892748
3,1.7318594104308391
