sel,mean(delay) [ns]
0,1.6883116883116882
1,1.8005009577132756
2,2.109806629834254
3,2.195078139033591
4,2.0704845814977975
5,2.1829224723115397
6,2.492351621456251
7,2.5775152921324618
8,1.4368018812463257
9,1.5493850640294156
10,1.8588378460602373
11,1.9443118536197295
12,2.129661903102126
13,2.2422018348623856
14,2.551680935477135
15,2.637030643072939
