sel,mean(delay) [ns]
0,1.699110122358176
1,1.8157503714710252
2,2.1141868512110724
3,2.2049801515698304
4,2.044846050870147
5,2.161301733286169
6,2.459742351046699
7,2.5506157378417864
8,2.1011004126547457
9,2.2173834149882055
10,2.515438452037876
11,2.606655290102389
12,1.7050369750244174
13,1.821705426356589
14,2.11968777103209
15,2.210564399421129
