sel,mean(delay) [ns]
0,1.376436134264474
1,1.4564958283671037
2,1.9561389466944132
3,1.6415905427189683
