sel,mean(delay) [ns]
0,1.3873751135331516
1,1.237593680372696
2,1.7592859199539304
3,1.6166159544913348
