sel,mean(delay) [ns]
0,1.2498721489209368
1,1.1438734437891978
2,1.636972538513061
3,1.553916581892167
