sel,mean(delay) [ns]
0,1.349679699580296
1,1.1990972426650968
2,1.2860450431488109
3,1.7766792672288456
