sel,mean(delay) [ns]
0,1.6164021164021163
1,1.71725688589095
2,2.23686619073769
3,2.16283185840708
4,1.7646209386281588
5,1.8650793650793651
6,2.384855581576893
7,2.31089258698941
8,2.303487276154571
9,2.4040920716112533
10,2.9227457546041617
11,2.8491489857775703
12,2.213768115942029
13,2.3148323546126157
14,2.833951762523191
15,2.7597109304426377
