sel,mean(delay) [ns]
0,1.3902161547212741
1,1.2133849667361731
2,1.775646614356292
3,1.9857003574910628
