sel,mean(delay) [ns]
0,1.4151708164447019
1,1.271856786011657
2,1.8301632469672007
3,2.020168622912878
