sel,mean(delay) [ns]
0,1.8109069353882632
1,1.9262295081967213
2,2.452337949026691
3,2.3737373737373737
4,2.273911425381466
5,2.3890518084066468
6,2.9150763358778624
7,2.8359248085402644
8,2.4979558462796403
9,2.6139037433155083
10,3.1397738951695784
11,3.061122244488978
12,2.3909215417726473
13,2.505638712323149
14,3.0315058298189035
15,2.9524039623097362
