sel,mean(delay) [ns]
0,1.6385089836417268
1,1.745464933580917
2,2.265900241053217
3,2.199424046076314
4,1.7970588235294118
5,1.9046134663341645
6,2.4250843421313752
7,2.3586180274078363
8,2.32319391634981
9,2.430389817024662
10,2.9509780246317314
11,2.884116119896153
12,2.2287069122743026
13,2.3360734085260946
14,2.8564749883122955
15,2.7899543378995433
