sel,mean(delay) [ns]
0,1.6587484729197775
1,1.7733275286605719
2,1.9350752177355504
3,2.1923214926444206
4,1.8309859154929577
5,1.945859872611465
6,2.1072598723917917
7,2.364093635132521
8,1.7318594104308391
9,1.8467583497053044
10,2.008216926869351
11,2.2654801631442343
12,2.445467280368221
13,2.560234653257909
14,2.721603563474387
15,2.979034617259873
