sel,mean(delay) [ns]
0,2.1393557422969187
1,1.7291637186925146
2,2.2756052141527
3,1.6308554651007605
4,2.297424327881181
5,1.8872586872586872
6,2.4337781318462457
7,1.7889035280339627
8,2.704736609119079
9,2.2948356807511736
10,2.8411997209951174
11,2.196656480316376
12,2.862497071913797
13,2.452830188679245
14,2.999509081983309
15,2.3545279383429674
