sel,mean(delay) [ns]
0,1.6955737477452475
1,1.8266068759342302
2,2.3942006269592477
3,1.9937999673682494
4,2.0896032831737346
5,2.220203488372093
6,2.7874087591240877
7,2.3876514263384134
8,1.435788978968394
9,1.5667671068940463
10,2.135243753276254
11,1.7343173431734318
12,2.159010600706714
13,2.290104947526237
14,2.8578110383536015
15,2.457269253971446
