sel,mean(delay) [ns]
0,1.7076579094466182
1,1.8246976258025982
2,2.377431906614786
3,2.2303340025552107
4,2.0387053720387054
5,2.1563437444856186
6,2.7089337175792503
7,2.5618448637316558
8,2.1215277777777777
9,2.2389153536093804
10,2.791228871630882
11,2.644449253408353
12,2.105444521019986
13,2.223030744042205
14,2.775380422439246
15,2.6285222628522265
