sel,mean(delay) [ns]
0,1.645348054396122
1,1.750967187276114
2,2.3254043767840153
3,2.16321472827049
4,1.7981165391406708
5,1.9034267912772584
6,2.4781991482457917
7,2.3157096835323103
8,2.201405152224824
9,2.3065307663269157
10,2.8807166430928803
11,2.719181130396084
12,2.3802103622906117
13,2.4852552369330896
14,3.059589384076114
15,2.8977946407398623
