sel,mean(delay) [ns]
0,1.8498334847108688
1,1.9792678976352445
2,2.2696879643387815
3,2.367758186397985
4,2.167050895548856
5,2.296560796842699
6,2.5867908552074512
7,2.6845342706502633
8,2.253365295961645
9,2.3825307077403
10,2.672790901137358
11,2.7709750566893425
12,2.2319634703196347
13,2.3608964451313756
14,2.6519097222222223
15,2.74977497749775
