sel,mean(delay) [ns]
0,1.7150877192982454
1,2.0165016501650164
2,2.4169303797468356
3,2.246323529411765
4,1.8135945384387058
5,2.114918656974732
6,2.515438452037876
7,2.3450393398579927
8,2.2063735848320953
9,2.5071809601969637
10,2.9074470616226504
11,2.736842105263158
12,2.403619197482297
13,2.704736609119079
14,3.1054637865311308
15,2.9346781940441886
