sel,mean(delay) [ns]
0,1.6869133075648812
1,1.8152109328579915
2,2.3360734085260946
3,2.251704440759167
4,1.858555133079848
5,1.9866688343358805
6,2.5076954648060745
7,2.4236414121380405
8,2.084968435420577
9,2.2125656346188665
10,2.733780760626398
11,2.6490353349230435
12,1.997711296387118
13,2.12558705861889
14,2.647313691507799
15,2.5618448637316558
