sel,mean(delay) [ns]
0,1.373959973015516
1,1.2046529968454258
2,1.7597926267281105
3,1.0843908066376786
