sel,mean(delay) [ns]
0,1.5751482340809486
1,1.7024240735580942
2,2.246736532450818
3,1.8650793650793651
4,2.2254598433800767
5,2.3536209553158702
6,2.897107633949739
7,2.515438452037876
8,2.2709533543950937
9,2.398429833169774
10,2.94174289841117
11,2.560234653257909
12,2.2743346361436814
13,2.402674007078254
14,2.945998071359691
15,2.564533053515215
