sel,mean(delay) [ns]
0,1.7017128533630412
1,1.8031577394127196
2,2.403619197482297
3,1.9928245270711022
4,1.8750959030228633
5,1.9763868672165616
6,2.5764284208306982
7,2.165898617511521
8,1.7743574851168868
9,1.8756715272448197
10,2.4761904761904763
11,2.0655848546315076
12,2.4577634754625906
13,2.5591623036649214
14,3.1592554291623576
15,2.7491563554555682
