sel,mean(delay) [ns]
0,1.106583355972109
1,1.227770521450819
2,1.7810814750036439
3,1.6573986165739862
