sel,mean(delay) [ns]
0,1.6981656475819902
1,1.9850552306692657
2,2.3737373737373737
3,2.2344121411592615
