sel,mean(delay) [ns]
0,1.412390198797966
1,1.2704023287243995
2,1.8271531100478469
3,2.0268701277160392
