sel,mean(delay) [ns]
0,1.6836594103058693
1,1.8301632469672007
2,1.931405089299826
3,2.201405152224824
4,1.8495535038595428
5,1.9957537154989384
6,2.097134031233911
7,2.367299496319256
8,2.0732948761452326
9,2.219397021431166
10,2.3205469046714775
11,2.59062963748145
12,1.9811932555123215
13,2.127807765975971
14,2.2287069122743026
15,2.4989775051124745
