sel,mean(delay) [ns]
0,1.7395017793594305
1,1.86110265001523
2,2.4255657006748708
3,2.2696879643387815
4,2.124847852547383
5,2.246323529411765
6,2.8104875804967797
7,2.6547903541168805
8,1.4821103699211644
9,1.6036745406824147
10,2.1682044002838894
11,2.0118538030951596
12,2.1919282511210763
13,2.31307968957032
14,2.8773251707087355
15,2.721603563474387
