sel,mean(delay) [ns]
0,1.1503341805516334
1,1.2559095580678314
2,1.8119810201660735
3,1.6871462101339225
